{
  "sparsity": {
    "l0_mean": 3.7370615043836657,
    "l0_std": 2.951964164422943,
    "l1_mean": 124.20864513407662,
    "l1_std": 858.3724478932593,
    "n_features": 4096,
    "n_tokens": 871759
  },
  "dead_features": {
    "n_dead": 0,
    "pct_dead": 0.0,
    "threshold": 0.0
  },
  "reconstruction": {
    "mse": 0.8959978139722696,
    "explained_variance": 0.9987937408230585,
    "cosine_similarity": 0.8279554333835679,
    "original_std": 27.25123014378305,
    "residual_std": 0.9464690713062787,
    "n_tokens": 871759
  },
  "ablation": {
    "baseline_loss": 3.4083044033062553,
    "zero_ablation_loss": 11.93121462688163,
    "sae_reconstruction_loss": 3.540843646037615,
    "loss_recovered": 0.9844490626728953,
    "n_batches": 3571
  }
}