{
  "sparsity": {
    "l0_mean": 35.86316834682509,
    "l0_std": 74.06577226161433,
    "l1_mean": 615.9681568956619,
    "l1_std": 1067.1457047217652,
    "n_features": 8192,
    "n_tokens": 891285
  },
  "dead_features": {
    "n_dead": 2701,
    "pct_dead": 32.97119140625,
    "threshold": 0.001
  },
  "reconstruction": {
    "mse": 0.32089122519741103,
    "explained_variance": 0.9997763048105872,
    "cosine_similarity": 0.9529388012650888,
    "original_std": 37.87371081813982,
    "residual_std": 0.5664559998361686,
    "n_tokens": 891285
  },
  "ablation": {
    "baseline_loss": 3.4087670826171776,
    "zero_ablation_loss": 11.931214647481493,
    "sae_reconstruction_loss": 3.466719973064882,
    "loss_recovered": 0.9931999710169379,
    "n_batches": 1063
  }
}