{
  "loss": [
    340.1986692547798,
    163.77331948280334,
    62.20680874586105,
    38.94241815805435,
    32.57100674510002,
    24.028031319379807,
    21.794453471899033,
    20.559679448604584,
    18.658076137304306,
    17.202429711818695
  ],
  "recon_loss": [
    2.79081430635415,
    1.1468526180833578,
    0.3188454578630626,
    0.1891667479649186,
    0.1574443767312914,
    0.13802213198505342,
    0.12653808295726776,
    0.12226025015115738,
    0.11524784192442894,
    0.11249167332425714
  ],
  "l1_loss": [
    0.10690621472895145,
    0.05797402223106474,
    0.03257770446361974,
    0.026177355437539518,
    0.024194883939344436,
    0.02377964265178889,
    0.02347945750807412,
    0.02340488211484626,
    0.02300476498203352,
    0.022873786569107324
  ],
  "sparsity": [
    1540.2386474609375,
    901.8952026367188,
    642.3562355041504,
    555.4031467437744,
    525.1195068359375,
    518.5247259140015,
    514.664306640625,
    510.3152446746826,
    502.31092739105225,
    498.5127544403076
  ],
  "total_post_layer_mse": [
    301.3042057030834,
    147.31505632121116,
    53.57040106551722,
    32.26004810119048,
    27.429896517656744,
    20.186913823708892,
    18.374485961627215,
    17.285785123938695,
    15.703762975754216,
    14.580388131318614
  ],
  "15_mse": [
    3.212504143361002,
    1.2708111656829715,
    0.3682682840153575,
    0.2296078302897513,
    0.19343371875584126,
    0.16609610943123698,
    0.14977347245439887,
    0.14515164052136242,
    0.13596872403286397,
    0.13209288171492517
  ],
  "16_mse": [
    3.6135352747514844,
    1.527796033769846,
    0.5397607930935919,
    0.3391778748482466,
    0.28185010328888893,
    0.23632439225912094,
    0.21313186781480908,
    0.20324384700506926,
    0.18846402736380696,
    0.1820411435328424
  ],
  "17_mse": [
    4.1831801338121295,
    1.8487405609339476,
    0.7154574794694781,
    0.45343928039073944,
    0.3719888962805271,
    0.3097009719349444,
    0.28061459632590413,
    0.26560873026028275,
    0.24514422798529267,
    0.23752640141174197
  ],
  "18_mse": [
    4.965883916243911,
    2.564981736242771,
    1.0692471005022526,
    0.6554300580173731,
    0.5381134878844023,
    0.4410283016040921,
    0.39516711700707674,
    0.3746045879088342,
    0.3425040994770825,
    0.3305126838386059
  ],
  "19_mse": [
    6.381811760365963,
    3.3173158541321754,
    1.4150130189955235,
    0.8792635388672352,
    0.7245792942121625,
    0.5894241323694587,
    0.5253835013136268,
    0.498874818906188,
    0.45167520735412836,
    0.437677095644176
  ],
  "20_mse": [
    8.451070224866271,
    4.289132006466389,
    1.8853675071150064,
    1.1727320589125156,
    0.9721133653074503,
    0.7911446169018745,
    0.7057020189240575,
    0.6681592026725411,
    0.6103399563580751,
    0.5898306388407946
  ],
  "21_mse": [
    11.480190820991993,
    5.652079872786999,
    2.488330887630582,
    1.5636292174458504,
    1.292114095762372,
    1.0465275328606367,
    0.9322352688759565,
    0.8788214372470975,
    0.803373240865767,
    0.778152939863503
  ],
  "22_mse": [
    15.266904909163713,
    7.448985666036606,
    3.2264726497232914,
    2.016106378287077,
    1.6501769367605448,
    1.3136868420988321,
    1.1817131731659174,
    1.1123988460749388,
    1.01666428335011,
    0.9815575815737247
  ],
  "23_mse": [
    18.303113594651222,
    9.053461849689484,
    4.034485459327698,
    2.55892551317811,
    2.095448810607195,
    1.6744917761534452,
    1.5021901112049818,
    1.4161199927330017,
    1.2902545128017664,
    1.2509214021265507
  ],
  "24_mse": [
    25.039761051535606,
    12.442695960402489,
    5.3285999447107315,
    3.383292905986309,
    2.8053633496165276,
    2.1691658925265074,
    1.9469022061675787,
    1.8431039955466986,
    1.6777600795030594,
    1.6039034612476826
  ],
  "25_mse": [
    31.52731079608202,
    15.208591744303703,
    6.286840155720711,
    4.04335667937994,
    3.383660811930895,
    2.6526924297213554,
    2.363861355930567,
    2.240422872826457,
    2.0396784991025925,
    1.949388563632965
  ],
  "26_mse": [
    38.72132408618927,
    17.881823509931564,
    7.461251862347126,
    4.61832881718874,
    3.9690809808671474,
    3.0136653669178486,
    2.7245156541466713,
    2.562636584043503,
    2.3265654891729355,
    2.191571954637766
  ],
  "27_mse": [
    130.15761499106884,
    64.80864036083221,
    18.751305922865868,
    10.34675794839859,
    9.15197266638279,
    5.782965458929539,
    5.4532956182956696,
    5.07663856819272,
    4.575370628386736,
    3.915211383253336
  ],
  "logit_kl": [
    35.996744215488434,
    15.253439009189606,
    8.284984283149242,
    6.46702541410923,
    4.959470942616463,
    3.6793157756328583,
    3.269949931651354,
    3.1282291635870934,
    2.8160601910203695,
    2.486675787717104
  ]
}