{
  "loss": [
    350.4509086608887
  ],
  "recon_loss": [
    346.2282552719116
  ],
  "l1_loss": [
    1.1273158565163612
  ],
  "sparsity": [
    1985.6515655517578
  ],
  "recon_contribution": [
    346.2282552719116
  ],
  "l1_contribution": [
    1.1273158565163612
  ],
  "dead_features": [
    0
  ],
  "dead_feature_percentage": [
    0.0
  ],
  "logit_kl": [
    309.5
  ],
  "kl_contribution": [
    3.0953369140625
  ]
}