{"val/recon_loss":2.832469137888106,"checkpoint_dir":"sae_core/checkpoints/qwen3_1p7b_middle_btop128_exp4","val/sparsity":127.99999896198715,"val/l1_contribution":0,"_runtime":22675,"hf/uploaded":false,"final/dead_features":0,"final/loss":1.313130280765776,"_step":9,"val/logit_kl":0.3009614736821646,"final/dead_feature_percentage":0,"train/sparsity":127.99981817861052,"_wandb":{"runtime":22675},"train/recon_contribution":1.2715546801750208,"train/kl_contribution":0.000977318239293988,"train/l1_contribution":0,"train/dead_features":0,"val/loss":2.924848659508893,"train/dead_feature_percentage":0,"val/l1_loss":0.1446968271078166,"_timestamp":1.7725034790178547e+09,"saved_model_path":"sae_core/pretrained_models/qwen3_1p7b_middle_btop128_exp4","final/val_loss":2.924848659508893,"train/recon_loss":1.2715546801750208,"status":"completed","val/recon_contribution":2.832469137888106,"train/aux_loss":0.04059828243446552,"epoch":10,"val/aux_loss":0.08936990781469681,"train/num_batches":3963,"val/num_batches":441,"train/l1_loss":0.10687825201046819,"train/logit_kl":0.09773182613272695,"train/loss":1.313130280765776,"val/kl_contribution":0.00300961467022997}