{
  "loss": [
    86.80772787332535,
    20.413801103830338,
    17.35943114757538,
    14.509779572486877,
    10.914146944880486,
    7.888857364654541,
    5.7253468334674835,
    4.422265104949474,
    3.668664935976267,
    3.2783272340893745
  ],
  "recon_loss": [
    58.28800799138844,
    1.6634202189743519,
    1.4099711459130049,
    1.1203974233940244,
    0.9289985960349441,
    0.8389970473945141,
    0.7817847738042474,
    0.7495607100427151,
    0.7001579375937581,
    0.6668483698740602
  ],
  "l1_loss": [
    0.6447277790866792,
    0.4435838642530143,
    0.37914343690499663,
    0.31867029424756765,
    0.23509893706068397,
    0.16287719178944826,
    0.11113622761331499,
    0.08017145900521427,
    0.06383660912979394,
    0.055436471302527934
  ],
  "sparsity": [
    606.6405410766602,
    212.80902099609375,
    150.66685843467712,
    117.46527945995331,
    93.9050966501236,
    76.1744384765625,
    62.425498247146606,
    53.51434963941574,
    46.09653294086456,
    41.389449059963226
  ],
  "recon_contribution": [
    58.28800799138844,
    1.6634202189743519,
    1.4099711459130049,
    1.1203974233940244,
    0.9289985960349441,
    0.8389970473945141,
    0.7817847738042474,
    0.7495607100427151,
    0.7001579375937581,
    0.6668483698740602
  ],
  "l1_contribution": [
    25.789111077785492,
    17.74335467815399,
    15.165737584233284,
    12.746811747550964,
    9.403957448899746,
    6.515087649226189,
    4.445449102669954,
    3.2068583630025387,
    2.5534643568098545,
    2.217458849772811
  ],
  "total_post_layer_mse": [
    1632.7007336523384,
    342.8200070913881,
    281.25134389847517,
    231.66004324890673,
    205.2681111935526,
    189.3205216564238,
    176.4599120542407,
    168.3953004423529,
    154.46559541858733,
    147.5593142611906
  ],
  "block_mse_contribution": [
    1.6327008169264445,
    0.3428200229154754,
    0.2812513573644537,
    0.23166005425991898,
    0.20526812129901373,
    0.18932053072785493,
    0.17645992025791202,
    0.16839530870311137,
    0.15446560257896635,
    0.14755932116531767
  ],
  "13_mse": [
    59.39246386103332,
    2.8782834000885487,
    2.362508349120617,
    1.779644038528204,
    1.5195271614938974,
    1.3738170936703682,
    1.2221670038998127,
    1.146834447979927,
    1.0319859851151705,
    0.9624162800610065
  ],
  "14_mse": [
    59.53523014485836,
    3.012036105617881,
    2.395170208066702,
    1.7794440500438213,
    1.5225085318088531,
    1.362731296569109,
    1.2369395960122347,
    1.1729022394865751,
    1.0709372609853745,
    1.006578995846212
  ],
  "15_mse": [
    59.849157214164734,
    3.196807373315096,
    2.5077815614640713,
    1.921473192051053,
    1.626826912164688,
    1.467751782387495,
    1.3526864293962717,
    1.2881404999643564,
    1.1870606895536184,
    1.1290066298097372
  ],
  "16_mse": [
    61.306127332150936,
    4.548343114554882,
    3.6103667467832565,
    2.8151890598237514,
    2.418210234493017,
    2.21035847812891,
    2.0745598040521145,
    1.9807547349482775,
    1.8501598853617907,
    1.7735288683325052
  ],
  "17_mse": [
    62.850384064018726,
    5.7890550121665,
    4.752437479794025,
    3.779341582208872,
    3.291821178048849,
    2.9998402260243893,
    2.806113589555025,
    2.6707493141293526,
    2.4834544844925404,
    2.374412879347801
  ],
  "18_mse": [
    65.43400192260742,
    7.53701526671648,
    6.253655135631561,
    5.074737936258316,
    4.423698581755161,
    4.072212807834148,
    3.8141236528754234,
    3.632716380059719,
    3.383097480982542,
    3.2218672186136246
  ],
  "19_mse": [
    68.70065947622061,
    9.611241593956947,
    7.967731475830078,
    6.58523465692997,
    5.856108285486698,
    5.438484989106655,
    5.146853871643543,
    4.920406229794025,
    4.609257273375988,
    4.400226838886738
  ],
  "20_mse": [
    73.9495569318533,
    13.024941012263298,
    10.62237586081028,
    8.930317655205727,
    8.024922393262386,
    7.493342883884907,
    7.14119341224432,
    6.840138487517834,
    6.410387188196182,
    6.13789214938879
  ],
  "21_mse": [
    82.05264937877655,
    17.407697662711143,
    13.90572614967823,
    11.690857365727425,
    10.614443808794022,
    9.9226393699646,
    9.442106246948242,
    9.044250011444092,
    8.45553907006979,
    8.10041106492281
  ],
  "22_mse": [
    90.30622592568398,
    22.348305881023407,
    18.027439817786217,
    15.207452237606049,
    13.68046148121357,
    12.743652895092964,
    12.091109335422516,
    11.547268494963646,
    10.773307725787163,
    10.341584473848343
  ],
  "23_mse": [
    101.70838513970375,
    27.7278094291687,
    22.564328581094742,
    19.2533877491951,
    17.37666766345501,
    16.219788566231728,
    15.442236557602882,
    14.703865632414818,
    13.6841931194067,
    13.148142784833908
  ],
  "24_mse": [
    120.56648543477058,
    35.671795934438705,
    28.748463422060013,
    24.35808265209198,
    21.935417890548706,
    20.436961501836777,
    19.399092078208923,
    18.45776891708374,
    17.104820758104324,
    16.447275906801224
  ],
  "25_mse": [
    151.17264187335968,
    44.916050136089325,
    36.292097330093384,
    30.62830314040184,
    27.476114362478256,
    25.523290812969208,
    24.151551097631454,
    22.95220172405243,
    21.188882142305374,
    20.39195415377617
  ],
  "26_mse": [
    170.57798212766647,
    49.929896771907806,
    40.26168769598007,
    33.914551973342896,
    30.165514707565308,
    27.91841784119606,
    26.30939993262291,
    24.968503832817078,
    22.937299489974976,
    22.04719379544258
  ],
  "27_mse": [
    405.29878282546997,
    95.22072839736938,
    80.97957408428192,
    63.94202595949173,
    55.33586800098419,
    50.13723111152649,
    44.82977944612503,
    43.06879949569702,
    38.29521286487579,
    36.076822221279144
  ],
  "logit_kl": [
    109.79095649719238,
    66.42069274187088,
    50.24713969230652,
    41.091034680604935,
    37.59227180480957,
    34.54521554708481,
    32.16529655456543,
    29.745061933994293,
    26.057696044445038,
    24.646071404218674
  ],
  "kl_contribution": [
    1.0979095324873924,
    0.664206912741065,
    0.5024713892489672,
    0.4109103363007307,
    0.3759227115660906,
    0.3454521484673023,
    0.32165295840241015,
    0.2974506139289588,
    0.26057695550844073,
    0.24646070785820484
  ]
}