{
  "loss": [
    415.3986921310425
  ],
  "recon_loss": [
    405.978551864624
  ],
  "l1_loss": [
    1.134723424911499
  ],
  "sparsity": [
    2002.0977783203125
  ],
  "recon_contribution": [
    405.978551864624
  ],
  "l1_contribution": [
    1.134723424911499
  ],
  "dead_features": [
    0
  ],
  "dead_feature_percentage": [
    0.0
  ],
  "total_post_layer_mse": [
    4869.434750556946
  ],
  "block_mse_contribution": [
    4.869434988126159
  ],
  "10_mse": [
    192.34884548187256
  ],
  "11_mse": [
    192.59348917007446
  ],
  "12_mse": [
    192.78584671020508
  ],
  "13_mse": [
    192.7294840812683
  ],
  "14_mse": [
    192.75490474700928
  ],
  "15_mse": [
    193.4484543800354
  ],
  "16_mse": [
    195.09359884262085
  ],
  "17_mse": [
    197.13755798339844
  ],
  "18_mse": [
    199.9993085861206
  ],
  "19_mse": [
    204.65805912017822
  ],
  "20_mse": [
    212.1881856918335
  ],
  "21_mse": [
    227.59482765197754
  ],
  "22_mse": [
    243.63119983673096
  ],
  "23_mse": [
    269.40993213653564
  ],
  "24_mse": [
    315.0629577636719
  ],
  "25_mse": [
    396.9772071838379
  ],
  "26_mse": [
    441.5045795440674
  ],
  "27_mse": [
    809.5163116455078
  ],
  "logit_kl": [
    341.5625
  ],
  "kl_contribution": [
    3.416015625
  ]
}