{
  "loss": [
    80.402104601264,
    8.350427329540253,
    7.304942883551121,
    8.670653015375137,
    6.677045874297619,
    6.37065576761961,
    6.514504544436932,
    5.4234461188316345,
    6.269215598702431,
    6.461462028324604
  ],
  "recon_loss": [
    54.05109327659011,
    1.839377224445343,
    1.5445672329515219,
    1.6254116836935282,
    1.4025604240596294,
    1.383978497236967,
    1.487019183114171,
    1.1553026996552944,
    1.388932891190052,
    1.4904313385486603
  ],
  "l1_loss": [
    0.9423968521878123,
    0.7595139313489199,
    0.7175360731780529,
    0.6757179452106357,
    0.6495646443217993,
    0.6195789761841297,
    0.5904827825725079,
    0.5648758383467793,
    0.5458340421319008,
    0.5244302479550242
  ],
  "sparsity": [
    1443.2761535644531,
    1078.0663757324219,
    984.1714305877686,
    921.0823469161987,
    876.2840642929077,
    835.7242832183838,
    806.1718492507935,
    776.5291385650635,
    751.014368057251,
    731.5198259353638
  ],
  "recon_contribution": [
    54.05109327659011,
    1.839377224445343,
    1.5445672329515219,
    1.6254116836935282,
    1.4025604240596294,
    1.383978497236967,
    1.487019183114171,
    1.1553026996552944,
    1.388932891190052,
    1.4904313385486603
  ],
  "l1_contribution": [
    1.8847937043756247,
    1.5190278626978397,
    1.4350721463561058,
    1.3514358904212713,
    1.2991292886435986,
    1.2391579523682594,
    1.1809655651450157,
    1.1297516766935587,
    1.0916680842638016,
    1.0488604959100485
  ],
  "total_post_layer_mse": [
    1669.4960797317326,
    223.22081230580807,
    207.70864420942962,
    349.39969889074564,
    196.0475990511477,
    180.9808327369392,
    198.57398618385196,
    155.11488207802176,
    208.21318190731108,
    204.729782409966
  ],
  "block_mse_contribution": [
    16.69496043230174,
    2.232208073401125,
    2.0770863980287686,
    3.4939969017141266,
    1.9604759462527,
    1.809808294288814,
    1.9857398211606778,
    1.5511487851035781,
    2.082131779010524,
    2.0472977802273817
  ],
  "13_mse": [
    54.91928856819868,
    2.1414870116859674,
    1.721978459507227,
    1.7794857863336802,
    1.5423339642584324,
    1.510429609566927,
    1.6319971177726984,
    1.2853979226201773,
    1.5079407151788473,
    1.6149052735418081
  ],
  "14_mse": [
    55.264255069196224,
    2.162004578858614,
    1.7277918066829443,
    1.7952586915344,
    1.5739131681621075,
    1.518516069278121,
    1.6440363675355911,
    1.3069610763341188,
    1.5253079924732447,
    1.6461497228592634
  ],
  "15_mse": [
    55.788197584450245,
    2.350425662472844,
    1.865197904407978,
    1.9200213514268398,
    1.6918477229773998,
    1.6326829325407743,
    1.7749243192374706,
    1.4163993019610643,
    1.6308087948709726,
    1.7594615947455168
  ],
  "16_mse": [
    57.46365538612008,
    3.0615036003291607,
    2.407924346625805,
    2.4171342477202415,
    2.1820696368813515,
    2.0659502651542425,
    2.2586825788021088,
    1.8530739266425371,
    2.04571919888258,
    2.203845025971532
  ],
  "17_mse": [
    58.75796429812908,
    3.606448967009783,
    2.883475746959448,
    2.85163851454854,
    2.5873656012117863,
    2.453340655192733,
    2.699125351384282,
    2.260466942563653,
    2.430513098835945,
    2.5802879482507706
  ],
  "18_mse": [
    61.79038969427347,
    4.7374603524804115,
    3.674794778227806,
    3.567391525954008,
    3.2553950920701027,
    3.0899289697408676,
    3.4102650322020054,
    2.927042754366994,
    3.0612177215516567,
    3.22149121761322
  ],
  "19_mse": [
    65.42386063933372,
    5.7335504591465,
    4.46551139652729,
    4.337400119751692,
    4.001677270978689,
    3.8110805340111256,
    4.148809242993593,
    3.617735430598259,
    3.731757551431656,
    3.9339529015123844
  ],
  "20_mse": [
    70.27869157493114,
    7.284327335655689,
    5.681923970580101,
    5.527662359178066,
    5.132117889821529,
    4.9370079301297665,
    5.3076946549117565,
    4.678608417510986,
    4.799915987998247,
    5.070134937763214
  ],
  "21_mse": [
    78.47898009419441,
    9.305882334709167,
    7.298588253557682,
    7.074194990098476,
    6.595995232462883,
    6.3893022164702415,
    6.8384644612669945,
    6.085756953805685,
    6.1534364223480225,
    6.50575689971447
  ],
  "22_mse": [
    87.25003923475742,
    11.704322397708893,
    9.213247820734978,
    9.001171857118607,
    8.445981428027153,
    8.197984412312508,
    8.717766173183918,
    7.821296386420727,
    7.859474919736385,
    8.348361045122147
  ],
  "23_mse": [
    99.76422271132469,
    14.594718337059021,
    11.431970104575157,
    11.191322065889835,
    10.48914510011673,
    10.17507204413414,
    10.75162422657013,
    9.65682478994131,
    9.714100107550621,
    10.363937705755234
  ],
  "24_mse": [
    119.91754898428917,
    19.355473518371582,
    15.017567574977875,
    14.692663684487343,
    13.722357004880905,
    13.332162156701088,
    13.99130217730999,
    12.597802422940731,
    12.668480321764946,
    13.463866978883743
  ],
  "25_mse": [
    151.327493339777,
    24.58134949207306,
    19.23297394812107,
    18.81934903562069,
    17.44510766863823,
    16.941651180386543,
    17.850045457482338,
    16.0827027708292,
    16.247169390320778,
    17.112017706036568
  ],
  "26_mse": [
    171.18564641475677,
    29.803017914295197,
    23.22145727276802,
    22.702138125896454,
    20.841056406497955,
    20.121478229761124,
    21.38849902153015,
    19.212687507271767,
    19.46538846194744,
    20.302723914384842
  ],
  "27_mse": [
    481.8858461380005,
    82.79884034395218,
    97.86424082517624,
    241.72286653518677,
    96.54123586416245,
    84.80424553155899,
    96.16075000166893,
    64.31212547421455,
    115.37195122241974,
    106.60288953781128
  ],
  "logit_kl": [
    77.71257099509239,
    27.598141968250275,
    22.48216937482357,
    21.998085528612137,
    20.148801863193512,
    19.377110183238983,
    18.607798844575882,
    15.872429341077805,
    17.064828500151634,
    18.748723670840263
  ],
  "kl_contribution": [
    7.771257184445858,
    2.7598142363131046,
    2.248216973617673,
    2.199808595702052,
    2.014880227856338,
    1.937711052596569,
    1.860779918730259,
    1.587242966517806,
    1.7064828872680664,
    1.8748723976314068
  ]
}