{
  "loss": [
    3824.4957885742188,
    1117.2703104019165,
    829.3516941070557,
    779.5537896156311,
    616.2723517417908,
    541.3587980270386,
    525.1758198738098,
    447.9472484588623,
    532.6744084358215,
    478.2270350456238
  ],
  "recon_loss": [
    127.78252820670605,
    15.71184827387333,
    9.986625365912914,
    8.4739343598485,
    6.423291362822056,
    5.489668294787407,
    5.5091060772538185,
    4.326004736125469,
    5.9816224947571754,
    4.344832751899958
  ],
  "l1_loss": [
    1.0829270891845226,
    0.8761420454829931,
    0.7697019865736365,
    0.6894862800836563,
    0.6234914232045412,
    0.5793678620830178,
    0.5470333904959261,
    0.5156595278531313,
    0.5022305715829134,
    0.46713744243606925
  ],
  "sparsity": [
    1689.9872512817383,
    1492.2588520050049,
    1404.5818824768066,
    1319.8857975006104,
    1238.5850830078125,
    1170.9162273406982,
    1130.1637134552002,
    1085.6338233947754,
    1058.0811004638672,
    1012.1999101638794
  ],
  "total_post_layer_mse": [
    3613.3891000300646,
    1061.5650604963303,
    788.480726160109,
    745.5626967251301,
    587.8377682715654,
    514.8661275207996,
    500.07658211141825,
    426.8368942439556,
    506.2324966676533,
    457.7630421668291
  ],
  "13_mse": [
    128.37238205969334,
    16.135005429387093,
    10.346227765083313,
    8.84478409588337,
    6.788957141339779,
    5.8283461928367615,
    5.8340949639678,
    4.644045706838369,
    6.3015563525259495,
    4.689305655658245
  ],
  "14_mse": [
    128.30301348865032,
    16.18998531997204,
    10.370224542915821,
    8.93727520853281,
    6.828547224402428,
    5.833811320364475,
    5.830060429871082,
    4.667900696396828,
    6.3488524928689,
    4.709674656391144
  ],
  "15_mse": [
    129.15718330442905,
    16.822496339678764,
    10.93294557929039,
    9.477805331349373,
    7.298575155436993,
    6.248365841805935,
    6.2844777554273605,
    5.075555078685284,
    6.7873871102929115,
    5.111597590148449
  ],
  "16_mse": [
    132.22971305251122,
    18.776903808116913,
    12.625870555639267,
    11.01651268452406,
    8.755059644579887,
    7.549872905015945,
    7.6347924917936325,
    6.251413714140654,
    8.062308080494404,
    6.252171210944653
  ],
  "17_mse": [
    135.1777045726776,
    20.148345038294792,
    13.839105039834976,
    12.004356563091278,
    9.646077685058117,
    8.373886622488499,
    8.430493891239166,
    6.993939928710461,
    8.893683463335037,
    6.981294140219688
  ],
  "18_mse": [
    139.6601487994194,
    23.086799770593643,
    16.334714233875275,
    14.31472097337246,
    11.694380678236485,
    10.182328723371029,
    10.31114026159048,
    8.598684154450893,
    10.687413021922112,
    8.602351747453213
  ],
  "19_mse": [
    146.6734101474285,
    27.076574236154556,
    19.448249980807304,
    16.96652790904045,
    13.897189781069756,
    12.138197660446167,
    12.203996658325195,
    10.235733926296234,
    12.710349954664707,
    10.142951056361198
  ],
  "20_mse": [
    156.01344245672226,
    31.021137237548828,
    22.885741159319878,
    20.018236443400383,
    16.531362891197205,
    14.540072321891785,
    14.663291916251183,
    12.411036118865013,
    15.194225072860718,
    12.246441200375557
  ],
  "21_mse": [
    170.18353533744812,
    36.02970513701439,
    26.96578285098076,
    23.725643664598465,
    19.57597739994526,
    17.34630484879017,
    17.43711155653,
    15.003962859511375,
    18.100084081292152,
    14.665206044912338
  ],
  "22_mse": [
    186.4616783261299,
    43.35871386528015,
    33.08788466453552,
    29.308272808790207,
    24.461998373270035,
    21.7619376629591,
    21.84678539633751,
    18.933935418725014,
    22.546502336859703,
    18.495669081807137
  ],
  "23_mse": [
    209.1551278233528,
    50.96241891384125,
    38.91353580355644,
    34.398790031671524,
    28.666965633630753,
    25.598305761814117,
    25.61083859205246,
    22.248914793133736,
    26.561739712953568,
    21.62157864868641
  ],
  "24_mse": [
    245.45970350503922,
    65.94001430273056,
    50.85690173506737,
    44.96479791402817,
    37.46218305826187,
    33.81011646986008,
    33.59104520082474,
    29.429892361164093,
    34.77548038959503,
    28.35423383116722
  ],
  "25_mse": [
    307.2301125526428,
    85.2591667175293,
    65.48961925506592,
    58.4409561753273,
    48.35179454088211,
    43.90146201848984,
    43.63375812768936,
    38.35087165236473,
    44.91169026494026,
    36.544346272945404
  ],
  "26_mse": [
    356.4091354608536,
    108.42050170898438,
    84.10191243886948,
    75.03465980291367,
    61.73260688781738,
    56.353563487529755,
    55.268576085567474,
    48.59702053666115,
    56.61200502514839,
    46.25584119558334
  ],
  "27_mse": [
    1042.9028091430664,
    502.3372926712036,
    372.28201055526733,
    378.10935711860657,
    286.1460921764374,
    245.399555683136,
    231.4961187839508,
    195.39398729801178,
    227.73921930789948,
    233.0903798341751
  ],
  "logit_kl": [
    81.15833032131195,
    38.24111232161522,
    29.34493640065193,
    24.138189017772675,
    20.764316007494926,
    19.844265893101692,
    18.496068745851517,
    15.753029733896255,
    19.455825746059418,
    15.184885993599892
  ]
}