{
  "loss": [
    69.1888289898634,
    11.840710803866386,
    10.412313058972359,
    8.808147735893726,
    7.077942803502083,
    5.57060968875885,
    4.280591130256653,
    3.383706398308277,
    2.8355132341384888,
    2.4510473795235157
  ],
  "recon_loss": [
    53.40919065847993,
    1.1447393679991364,
    0.8914043726399541,
    0.7204712759703398,
    0.6729237763211131,
    0.6470479359850287,
    0.5956631279550493,
    0.5560309938155115,
    0.5410953378304839,
    0.5235004615969956
  ],
  "l1_loss": [
    0.668438816908747,
    0.4998823837377131,
    0.44913402292877436,
    0.3808593265712261,
    0.29901947104372084,
    0.22664408385753632,
    0.16620173351839185,
    0.12502459634561092,
    0.09859484387561679,
    0.08071168046444654
  ],
  "sparsity": [
    734.8754949569702,
    335.62689447402954,
    259.6840879917145,
    208.31461024284363,
    167.39261293411255,
    134.89710783958435,
    112.9255702495575,
    97.94625079631805,
    87.44768011569977,
    79.05837661027908
  ],
  "recon_contribution": [
    53.40919065847993,
    1.1447393679991364,
    0.8914043726399541,
    0.7204712759703398,
    0.6729237763211131,
    0.6470479359850287,
    0.5956631279550493,
    0.5560309938155115,
    0.5410953378304839,
    0.5235004615969956
  ],
  "l1_contribution": [
    13.368776321411133,
    9.997647687792778,
    8.982680425047874,
    7.617186591029167,
    5.980389416217804,
    4.532881665974855,
    3.324034668505192,
    2.5004919432103634,
    1.9718968737870455,
    1.61423359811306
  ],
  "total_post_layer_mse": [
    1528.791292194277,
    230.94781173206866,
    180.32974892575294,
    153.81627156119794,
    141.54455315042287,
    133.6913492390886,
    125.20606134645641,
    115.45993022806942,
    112.54632797278464,
    110.01717225741595
  ],
  "block_mse_contribution": [
    1.528791366112273,
    0.2309478229162778,
    0.18032975739515678,
    0.1538162792194271,
    0.14154455961306667,
    0.13369135584525793,
    0.12520606710768334,
    0.11545993581967195,
    0.11254633328007912,
    0.11001717744920825
  ],
  "13_mse": [
    54.439326606690884,
    1.7287438996136189,
    1.2050782116129994,
    0.9315572492778301,
    0.8470269627869129,
    0.7856842065230012,
    0.713570699095726,
    0.6573661724105477,
    0.6359316576272249,
    0.6122217699885368
  ],
  "14_mse": [
    54.550303127616644,
    1.6808076482266188,
    1.2236622292548418,
    0.9786721458658576,
    0.899633077904582,
    0.8375804470852017,
    0.7628096425905824,
    0.7035330543294549,
    0.6819705860689282,
    0.6533725503832102
  ],
  "15_mse": [
    54.7914924621582,
    1.7816526666283607,
    1.3474754393100739,
    1.1276040934026241,
    1.055324443615973,
    0.9924097014591098,
    0.9137257104739547,
    0.8439361751079559,
    0.820839018560946,
    0.7891693776473403
  ],
  "16_mse": [
    56.09755864739418,
    2.6372045390307903,
    2.0651088412851095,
    1.755845446139574,
    1.637052757665515,
    1.545268328860402,
    1.4382744990289211,
    1.3339423835277557,
    1.2968072816729546,
    1.2525871861726046
  ],
  "17_mse": [
    57.336188934743404,
    3.3432730473577976,
    2.6340856291353703,
    2.272369861602783,
    2.1247319541871548,
    2.012191129848361,
    1.886423697695136,
    1.7546790763735771,
    1.6995790731161833,
    1.6479405462741852
  ],
  "18_mse": [
    59.604363448917866,
    4.709575980901718,
    3.714390765875578,
    3.165579926222563,
    2.9212067276239395,
    2.753421574831009,
    2.5780582241714,
    2.397897221148014,
    2.3213969245553017,
    2.248600710183382
  ],
  "19_mse": [
    62.64176116883755,
    6.229319207370281,
    4.976080372929573,
    4.3253638707101345,
    4.024976544082165,
    3.8162971138954163,
    3.5857218876481056,
    3.3410207480192184,
    3.2335117869079113,
    3.1470422856509686
  ],
  "20_mse": [
    66.98942191898823,
    8.43084815889597,
    6.840556479990482,
    6.013719134032726,
    5.612593047320843,
    5.357058145105839,
    5.054165847599506,
    4.713572211563587,
    4.573108494281769,
    4.460968606173992
  ],
  "21_mse": [
    74.2654147297144,
    11.271331384778023,
    9.056696578860283,
    8.003451026976109,
    7.45728662610054,
    7.127953574061394,
    6.729804620146751,
    6.260987028479576,
    6.090590916574001,
    5.942081123590469
  ],
  "22_mse": [
    81.374128729105,
    14.621652975678444,
    11.709546312689781,
    10.339869409799576,
    9.609445229172707,
    9.163092002272606,
    8.660618543624878,
    8.034887172281742,
    7.822765484452248,
    7.645792089402676
  ],
  "23_mse": [
    91.77432784438133,
    18.484108865261078,
    14.992170378565788,
    13.307571053504944,
    12.301277697086334,
    11.721107244491577,
    11.07388587296009,
    10.285164013504982,
    10.032761380076408,
    9.814354196190834
  ],
  "24_mse": [
    108.19775891304016,
    23.851876705884933,
    19.1523697078228,
    16.860288217663765,
    15.572076350450516,
    14.826756566762924,
    13.970210522413254,
    12.948699355125427,
    12.646658942103386,
    12.378261253237724
  ],
  "25_mse": [
    135.1127654314041,
    30.10401314496994,
    24.125688016414642,
    21.04824635386467,
    19.41173407435417,
    18.424513816833496,
    17.371184304356575,
    16.07588531076908,
    15.732072189450264,
    15.380403280258179
  ],
  "26_mse": [
    153.31009304523468,
    34.076224356889725,
    27.14447009563446,
    23.33759418129921,
    21.40334352850914,
    20.231006801128387,
    19.01743046939373,
    17.522718116641045,
    17.175304025411606,
    16.83114291727543
  ],
  "27_mse": [
    418.3063871860504,
    67.99717915058136,
    50.142369866371155,
    40.34853959083557,
    36.66684412956238,
    34.09700858592987,
    31.450176805257797,
    28.58564218878746,
    27.783030211925507,
    27.21323436498642
  ],
  "logit_kl": [
    88.20701694488525,
    46.73758018016815,
    35.7898533642292,
    31.66737625002861,
    28.308526575565338,
    25.69886866211891,
    23.56872746348381,
    21.17235642671585,
    20.997472524642944,
    20.329618722200394
  ],
  "kl_contribution": [
    0.8820701483637094,
    0.46737578976899385,
    0.3578985249623656,
    0.3166737563442439,
    0.2830852596089244,
    0.25698867882601917,
    0.23568726982921362,
    0.21172355976887047,
    0.2099747210741043,
    0.20329618221148849
  ]
}