{
  "loss": [
    79.30273752659559,
    7.65720122307539,
    7.488946817815304,
    7.215885058045387,
    5.610146686434746,
    5.690551858395338,
    6.781138822436333,
    6.906169079244137,
    7.170937620103359,
    6.014865443110466
  ],
  "recon_loss": [
    53.58394756540656,
    1.6818320453166962,
    1.8191839437931776,
    1.6726986970752478,
    1.3388990573585033,
    1.3365270579233766,
    1.6820296104997396,
    1.7618943583220243,
    1.7958891736343503,
    1.4909834992140532
  ],
  "l1_loss": [
    0.9625351019203663,
    0.7726851888000965,
    0.7341915750876069,
    0.7003905717283487,
    0.6841641515493393,
    0.6530131688341498,
    0.6268462268635631,
    0.5988645115867257,
    0.5724947797134519,
    0.5602706912904978
  ],
  "sparsity": [
    1438.9673156738281,
    1092.6856050491333,
    1015.7432556152344,
    963.033203125,
    921.1842288970947,
    883.7658348083496,
    859.5673418045044,
    828.9776449203491,
    799.8964004516602,
    782.0261697769165
  ],
  "recon_contribution": [
    53.58394756540656,
    1.6818320453166962,
    1.8191839437931776,
    1.6726986970752478,
    1.3388990573585033,
    1.3365270579233766,
    1.6820296104997396,
    1.7618943583220243,
    1.7958891736343503,
    1.4909834992140532
  ],
  "l1_contribution": [
    0.9625351019203663,
    0.7726851888000965,
    0.7341915750876069,
    0.7003905717283487,
    0.6841641515493393,
    0.6530131688341498,
    0.6268462268635631,
    0.5988645115867257,
    0.5724947797134519,
    0.5602706912904978
  ],
  "total_post_layer_mse": [
    1701.4235418960452,
    246.1617600377649,
    238.4956610277295,
    262.607715761289,
    164.29928897321224,
    189.6293168645352,
    250.44362285733223,
    261.83326175808907,
    288.6027904599905,
    214.97719105146825
  ],
  "block_mse_contribution": [
    17.01423508665175,
    2.461617542721797,
    2.3849565644486574,
    2.6260770938097266,
    1.6429928519792156,
    1.8962931270361878,
    2.5044361652398948,
    2.61833256072714,
    2.8860278420033865,
    2.1497718611353775
  ],
  "13_mse": [
    55.18683875724673,
    1.9975993018597364,
    2.0773343555629253,
    1.8502458091825247,
    1.481761284172535,
    1.4738635141402483,
    1.8150745388120413,
    1.8900889214128256,
    1.9080002065747976,
    1.6181827131658792
  ],
  "14_mse": [
    55.64233957603574,
    2.05943401157856,
    2.0762682743370533,
    1.8648848365992308,
    1.4795044846832752,
    1.4670361801981926,
    1.8369442373514175,
    1.8941911086440086,
    1.9394962135702372,
    1.6410357486456633
  ],
  "15_mse": [
    56.14444253593683,
    2.1852934192866087,
    2.192315261811018,
    1.9849867932498455,
    1.5899970792233944,
    1.5828214064240456,
    1.9454709943383932,
    2.014277359470725,
    2.0770520213991404,
    1.753217900171876
  ],
  "16_mse": [
    57.89062360674143,
    2.8402801919728518,
    2.7710057199001312,
    2.5184684600681067,
    2.097619269043207,
    2.029330177232623,
    2.4193228259682655,
    2.4913113862276077,
    2.5305417384952307,
    2.210518006235361
  ],
  "17_mse": [
    59.0799797475338,
    3.3453430496156216,
    3.228120878338814,
    2.9423841796815395,
    2.4886364825069904,
    2.4099951330572367,
    2.8399408534169197,
    2.888504844158888,
    2.9348390363156796,
    2.6187832206487656
  ],
  "18_mse": [
    61.53939285129309,
    4.248454429209232,
    4.082178343087435,
    3.699012879282236,
    3.1532231345772743,
    3.030008662492037,
    3.5039388947188854,
    3.5859420001506805,
    3.5700106024742126,
    3.232031971216202
  ],
  "19_mse": [
    65.08029186725616,
    5.306119728833437,
    5.05179113894701,
    4.5601207837462425,
    3.940856508910656,
    3.7658121697604656,
    4.270901218056679,
    4.363247714936733,
    4.345517303794622,
    3.987775146961212
  ],
  "20_mse": [
    69.55518390238285,
    6.816714212298393,
    6.4716310650110245,
    5.855524890124798,
    5.134003944694996,
    4.871831465512514,
    5.449248120188713,
    5.5056401044130325,
    5.536619737744331,
    5.14384313672781
  ],
  "21_mse": [
    76.45129977166653,
    8.775686264038086,
    8.319750919938087,
    7.575323157012463,
    6.647534057497978,
    6.296729490160942,
    6.977887369692326,
    6.9940247014164925,
    7.0539386048913,
    6.666127488017082
  ],
  "22_mse": [
    85.34856434166431,
    11.205191805958748,
    10.520789384841919,
    9.642278768122196,
    8.572272084653378,
    8.104605205357075,
    8.818068742752075,
    8.823688715696335,
    8.89376875758171,
    8.51871607452631
  ],
  "23_mse": [
    96.92676991224289,
    14.098559215664864,
    13.22508504986763,
    11.971390649676323,
    10.708505302667618,
    10.074825070798397,
    10.92016977071762,
    10.905785650014877,
    10.977176859974861,
    10.57837264239788
  ],
  "24_mse": [
    117.08777913451195,
    18.491079464554787,
    17.34968639910221,
    15.77845312654972,
    14.004021167755127,
    13.124326139688492,
    14.2546938508749,
    14.256112679839134,
    14.33120808005333,
    13.76280227303505
  ],
  "25_mse": [
    149.81529015302658,
    23.7440764605999,
    22.137772351503372,
    20.08653226494789,
    17.77261771261692,
    16.72740164399147,
    18.18435062468052,
    18.165650740265846,
    18.312684804201126,
    17.525277078151703
  ],
  "26_mse": [
    172.5349150300026,
    28.200367003679276,
    26.37630358338356,
    24.046680480241776,
    21.063319325447083,
    19.83247695863247,
    21.777975648641586,
    21.874806374311447,
    21.86866420507431,
    20.71120646595955
  ],
  "27_mse": [
    523.1398307085037,
    112.84756147861481,
    112.61562830209732,
    148.2314286828041,
    64.16541713476181,
    94.838253647089,
    145.4296351671219,
    156.17998945713043,
    182.3232722878456,
    115.00930118560791
  ],
  "logit_kl": [
    77.4202108681202,
    27.41066411137581,
    25.506146997213364,
    22.16718627512455,
    19.440906167030334,
    18.047184213995934,
    19.67826834321022,
    19.270775392651558,
    19.165257796645164,
    18.138393715023994
  ],
  "kl_contribution": [
    7.742021258920431,
    2.7410664428025484,
    2.550614731386304,
    2.2167186569422483,
    1.9440906587988138,
    1.8047184580937028,
    1.9678268805146217,
    1.9270775690674782,
    1.9165258184075356,
    1.8138394001871347
  ]
}