{
  "loss": [
    304.8521164059639,
    161.29382574558258,
    60.174947917461395,
    38.66038000583649,
    27.41757982969284,
    25.284990966320038,
    20.952901661396027,
    19.166678875684738,
    17.441227734088898,
    18.87203487753868
  ],
  "recon_loss": [
    2.221250867471099,
    0.9853216633200645,
    0.29470611456781626,
    0.16789758997038007,
    0.13279524073004723,
    0.12946163397282362,
    0.12430817144922912,
    0.1188281977083534,
    0.11551624932326376,
    0.11292672553099692
  ],
  "l1_loss": [
    0.10426322859711945,
    0.05835835123434663,
    0.03486125357449055,
    0.026962798205204308,
    0.02421756600961089,
    0.02405554984579794,
    0.02378029254032299,
    0.02357424795627594,
    0.023315250495215878,
    0.02296659693820402
  ],
  "sparsity": [
    0.008709430694580078,
    0.006232708692550659,
    0.004142254590988159,
    0.005163460969924927,
    0.00492452085018158,
    0.004703834652900696,
    0.0033671557903289795,
    0.0035678744316101074,
    0.0030700527131557465,
    0.0037564337253570557
  ],
  "total_post_layer_mse": [
    272.2907664112281,
    147.54483559075743,
    52.73083398817107,
    32.333960639778525,
    22.25814147479832,
    21.26457311399281,
    17.61977292317897,
    16.279818010283634,
    14.901836065808311,
    15.674348485190421
  ],
  "15_mse": [
    3.1357643224764615,
    1.4136217618361115,
    0.42109601106494665,
    0.22780976025387645,
    0.16914887307211757,
    0.16576232481747866,
    0.15689302189275622,
    0.14577542641200125,
    0.1395187119487673,
    0.13692494528368115
  ],
  "16_mse": [
    4.5706021804362535,
    2.171423736959696,
    0.6280025164596736,
    0.33592124469578266,
    0.23998990887776017,
    0.23397262394428253,
    0.21937797544524074,
    0.19799224846065044,
    0.1896656770259142,
    0.18657693173736334
  ],
  "17_mse": [
    5.041725134011358,
    2.405727505683899,
    0.7499234369024634,
    0.42660715617239475,
    0.3121240371838212,
    0.30324820429086685,
    0.28064085356891155,
    0.256417628377676,
    0.24453464755788445,
    0.24141795746982098
  ],
  "18_mse": [
    6.090561910532415,
    3.227171130478382,
    1.0496083404868841,
    0.6070244116708636,
    0.4436052795499563,
    0.4303468931466341,
    0.39338654186576605,
    0.35468334471806884,
    0.3357500988058746,
    0.3354720426723361
  ],
  "19_mse": [
    6.826555616222322,
    3.7233231477439404,
    1.3238562643527985,
    0.7931541986763477,
    0.583991096355021,
    0.5694490484893322,
    0.5063190208747983,
    0.4624515576288104,
    0.4371650656685233,
    0.4405796565115452
  ],
  "20_mse": [
    8.504182290285826,
    4.610468246042728,
    1.7482081465423107,
    1.0800170879811049,
    0.8002476841211319,
    0.7714304551482201,
    0.6825322210788727,
    0.6231382582336664,
    0.5872976873070002,
    0.5968243815004826
  ],
  "21_mse": [
    10.882843930274248,
    5.828983709216118,
    2.2945166788995266,
    1.4298121612519026,
    1.0667512957006693,
    1.0191856352612376,
    0.8980402369052172,
    0.8174362201243639,
    0.7686258694157004,
    0.7860172390937805
  ],
  "22_mse": [
    13.671195231378078,
    7.374117940664291,
    2.9438741132616997,
    1.8605948127806187,
    1.3719584811478853,
    1.3071238547563553,
    1.1397492848336697,
    1.0399547386914492,
    0.9743920881301165,
    1.009886210784316
  ],
  "23_mse": [
    16.53251875936985,
    8.857466645538807,
    3.6324712708592415,
    2.360260996967554,
    1.7363629154860973,
    1.6648413948714733,
    1.439066955819726,
    1.316318653523922,
    1.2242977283895016,
    1.2868191320449114
  ],
  "24_mse": [
    22.487724017351866,
    12.571119986474514,
    5.052759811282158,
    3.1896435245871544,
    2.297967165708542,
    2.204125452786684,
    1.863798152655363,
    1.7248223051428795,
    1.5903798192739487,
    1.6639715880155563
  ],
  "25_mse": [
    29.055865794420242,
    15.647034764289856,
    6.268397398293018,
    3.9389530792832375,
    2.8406206034123898,
    2.7069297023117542,
    2.3128211610019207,
    2.1241039410233498,
    1.9673665948212147,
    2.0488633885979652
  ],
  "26_mse": [
    34.260782584548,
    19.494550853967667,
    7.530772253870964,
    4.634272992610931,
    3.255030944943428,
    3.1497610360383987,
    2.645993895828724,
    2.4256619438529015,
    2.2236423939466476,
    2.3681766353547573
  ],
  "27_mse": [
    111.23044463992119,
    60.21982616186142,
    19.087347745895386,
    11.449889212846756,
    7.140343189239502,
    6.738396488130093,
    5.081153601408005,
    4.791061744093895,
    4.219199683517218,
    4.572818376123905
  ],
  "logit_kl": [
    30.339056313037872,
    12.76308698952198,
    7.149059925228357,
    6.158252075314522,
    5.026400901377201,
    3.8907154351472855,
    3.2085829600691795,
    2.7677966244518757,
    2.423642238602042,
    3.0845298431813717
  ]
}