{
  "timestamp": "20251111_055931",
  "model": "qwen3-0.6b",
  "sae_path": "qwen3_06B.blocks.12.hook_resid_post.sae.sparsity200.mse0.001.kl0.01.physics.exp4",
  "layer": 12,
  "hook_name": "hook_resid_post",
  "dataset_size": 14284,
  "n_tokens_processed": 3347892,
  "n_features": 4096,
  "sparsity": {
    "l0_mean": 18.505754367225705,
    "l0_std": 34.5498328771844,
    "l1_mean": 618.0811990215597,
    "l1_std": 1106.8008601267927
  },
  "dead_features": {
    "n_dead": 3252,
    "pct_dead": 79.39453125
  },
  "reconstruction": {
    "mse": 0.9489003559133989,
    "explained_variance": 0.9994141872977524,
    "cosine_similarity": 0.8878921377535544
  },
  "ablation": {
    "baseline_loss": 3.4083044033062553,
    "zero_ablation_loss": 11.93121462688163,
    "sae_reconstruction_loss": 3.511691405922717,
    "loss_recovered": 0.9878695187554034
  },
  "top_features": [
    1578,
    913,
    3187,
    1039,
    3343,
    1952,
    169,
    3443,
    3718,
    1981
  ],
  "files": {
    "activation_db": "activation_database/activation_db_20251111_055931.pkl",
    "similarity_matrix": "matrices/feature_similarity_20251111_055931.npy",
    "cooccurrence_matrix": "matrices/feature_cooccurrence_20251111_055931.npy",
    "results": "results/analysis_results_20251111_055931.json"
  }
}