{
  "loss": [
    234.85997968912125,
    29.124111652374268,
    27.385453522205353,
    21.465038806200027,
    27.154895693063736,
    26.096414670348167,
    22.150418534874916,
    24.704357385635376,
    29.806155487895012,
    18.820326179265976
  ],
  "recon_loss": [
    53.212567249313,
    1.8675119392573833,
    1.6314810924232006,
    1.3408533670008183,
    1.6157185286283493,
    1.5787386782467365,
    1.4398274179548025,
    1.423916606232524,
    1.4217617809772491,
    1.128444197587669
  ],
  "l1_loss": [
    0.9565823459997773,
    0.7904246905818582,
    0.7415394000709057,
    0.7081462228670716,
    0.6793941259384155,
    0.6524861371144652,
    0.639581904746592,
    0.6029570233076811,
    0.5829161023721099,
    0.5619561420753598
  ],
  "sparsity": [
    1457.4855651855469,
    1129.1424560546875,
    1033.0066528320312,
    970.6823921203613,
    930.4533996582031,
    893.1624994277954,
    860.6724615097046,
    829.5232238769531,
    803.9658575057983,
    785.4645385742188
  ],
  "recon_contribution": [
    53.212567249313,
    1.8675119392573833,
    1.6314810924232006,
    1.3408533670008183,
    1.6157185286283493,
    1.5787386782467365,
    1.4398274179548025,
    1.423916606232524,
    1.4217617809772491,
    1.128444197587669
  ],
  "l1_contribution": [
    0.9565823459997773,
    0.7904246905818582,
    0.7415394000709057,
    0.7081462228670716,
    0.6793941259384155,
    0.6524861371144652,
    0.639581904746592,
    0.6029570233076811,
    0.5829161023721099,
    0.5619561420753598
  ],
  "total_post_layer_mse": [
    1739.8416563607752,
    237.3491419777274,
    226.64559422805905,
    174.79641279764473,
    227.98811399750412,
    219.84017000719905,
    183.46505120769143,
    209.2574995085597,
    262.2553063649684,
    156.90187822841108
  ],
  "block_mse_contribution": [
    173.98416869039647,
    23.73491457500495,
    22.664559821598232,
    17.479641603538767,
    22.798811776097864,
    21.98401737876702,
    18.34650544670876,
    20.92575031227898,
    26.225531031261198,
    15.690188112901524
  ],
  "13_mse": [
    53.76825681515038,
    2.0775149781256914,
    1.7935845013707876,
    1.475854692980647,
    1.7540898509323597,
    1.7002039030194283,
    1.5497095994651318,
    1.5509135704487562,
    1.5242386385798454,
    1.2230974938720465
  ],
  "14_mse": [
    53.79293253086507,
    2.068396244198084,
    1.7883020620793104,
    1.4767904374748468,
    1.7559449169784784,
    1.7144599854946136,
    1.573001841083169,
    1.578126447275281,
    1.5332408621907234,
    1.2290599513798952
  ],
  "15_mse": [
    54.156141709536314,
    2.295239904895425,
    1.951677467674017,
    1.6102234534919262,
    1.886943208053708,
    1.854203848168254,
    1.7183612696826458,
    1.7126929946243763,
    1.6595541182905436,
    1.3402037546038628
  ],
  "16_mse": [
    55.87018322572112,
    3.0968718975782394,
    2.5885616578161716,
    2.138452222570777,
    2.404596021398902,
    2.395191505551338,
    2.2265846487134695,
    2.2268425337970257,
    2.105691397562623,
    1.7549115810543299
  ],
  "17_mse": [
    56.90076865628362,
    3.581719495356083,
    3.0370430685579777,
    2.5576441325247288,
    2.826812967658043,
    2.8110957499593496,
    2.6305471546947956,
    2.633453093469143,
    2.485387274995446,
    2.101842649281025
  ],
  "18_mse": [
    59.23383542895317,
    4.662582777440548,
    3.955984730273485,
    3.282133422791958,
    3.576914694160223,
    3.601557981222868,
    3.3597090616822243,
    3.3879649452865124,
    3.144631378352642,
    2.7041114382445812
  ],
  "19_mse": [
    62.25763951987028,
    5.595356695353985,
    4.752134472131729,
    4.034370664507151,
    4.361805554479361,
    4.34014368057251,
    4.114212293177843,
    4.114089943468571,
    3.831507183611393,
    3.3456825129687786
  ],
  "20_mse": [
    66.30705709010363,
    7.098975047469139,
    6.06876839697361,
    5.16169298440218,
    5.565567962825298,
    5.469089273363352,
    5.249832194298506,
    5.234389308840036,
    4.882924001663923,
    4.330331925302744
  ],
  "21_mse": [
    72.55374446511269,
    9.124124430119991,
    7.831466726958752,
    6.688187122344971,
    7.199253290891647,
    6.982701882719994,
    6.731671504676342,
    6.730561204254627,
    6.234968081116676,
    5.586152978241444
  ],
  "22_mse": [
    80.59075179696083,
    11.414485834538937,
    10.005709782242775,
    8.493961170315742,
    9.17097982764244,
    8.825677931308746,
    8.617692358791828,
    8.640751838684082,
    7.964703164994717,
    7.162390828132629
  ],
  "23_mse": [
    90.56486611068249,
    14.261847272515297,
    12.39147175848484,
    10.559641391038895,
    11.318541131913662,
    10.890462771058083,
    10.56821358203888,
    10.555456548929214,
    9.791691809892654,
    8.803504303097725
  ],
  "24_mse": [
    108.0517430305481,
    18.86250339448452,
    16.33820067346096,
    13.812411665916443,
    14.872947469353676,
    14.325104117393494,
    13.924907818436623,
    13.799765512347221,
    12.792789995670319,
    11.463019236922264
  ],
  "25_mse": [
    135.4064540565014,
    23.977836549282074,
    20.647764712572098,
    17.53017930686474,
    19.057176053524017,
    18.247852355241776,
    17.71922594308853,
    17.613615185022354,
    16.375803992152214,
    14.585186302661896
  ],
  "26_mse": [
    159.2203298509121,
    29.066071420907974,
    25.033255606889725,
    20.93233685195446,
    23.057783499360085,
    22.268231332302094,
    21.32152859866619,
    21.46271911263466,
    19.77652844786644,
    17.39826190471649
  ],
  "27_mse": [
    631.1669520735741,
    100.16561603546143,
    108.46166861057281,
    75.04253327846527,
    119.17875754833221,
    114.41419368982315,
    82.15985333919525,
    108.01615726947784,
    168.15164601802826,
    73.87412136793137
  ],
  "logit_kl": [
    67.06662812829018,
    27.312604367733,
    23.4787335395813,
    19.363976940512657,
    20.609713688492775,
    18.811724856495857,
    17.245037995278835,
    17.517334669828415,
    15.759464919567108,
    14.397378668189049
  ],
  "kl_contribution": [
    6.706662889569998,
    2.7312605027109385,
    2.347873402759433,
    1.936397721990943,
    2.060971410945058,
    1.8811725154519081,
    1.7245038282126188,
    1.7517334967851639,
    1.5759465163573623,
    1.4397378889843822
  ]
}