{
  "timestamp": "20251111_231938",
  "model": "qwen3-0.6b",
  "sae_path": "qwen3_06B.blocks.12.hook_resid_post.sae.sparsity100.mse0.001.kl0.01.physics.exp4",
  "layer": 12,
  "hook_name": "hook_resid_post",
  "dataset_size": 14284,
  "n_tokens_processed": 871759,
  "n_features": 4096,
  "sparsity": {
    "l0_mean": 3.7370615043836657,
    "l0_std": 2.951964164422943,
    "l1_mean": 124.20864513407662,
    "l1_std": 858.3724478932593
  },
  "dead_features": {
    "n_dead": 0,
    "pct_dead": 0.0
  },
  "reconstruction": {
    "mse": 0.8959978139722696,
    "explained_variance": 0.9987937408230585,
    "cosine_similarity": 0.8279554333835679
  },
  "ablation": {
    "baseline_loss": 3.4083044033062553,
    "zero_ablation_loss": 11.93121462688163,
    "sae_reconstruction_loss": 3.540843646037615,
    "loss_recovered": 0.9844490626728953
  },
  "top_features": [
    1309,
    734,
    1883,
    2412,
    2961,
    3467,
    1874,
    2528,
    3003,
    1482
  ],
  "files": {
    "activation_db": "activation_database/activation_db_20251111_231938.pkl",
    "similarity_matrix": "matrices/feature_similarity_20251111_231938.npy",
    "cooccurrence_matrix": "matrices/feature_cooccurrence_20251111_231938.npy",
    "results": "results/analysis_results_20251111_231938.json"
  }
}