{
  "loss": [
    251.54679119586945,
    32.48292927443981,
    28.525119721889496,
    24.55556610226631,
    29.939846366643906,
    25.02560782432556,
    27.460945963859558,
    23.154979422688484,
    22.016354471445084,
    46.41830562055111
  ],
  "recon_loss": [
    55.46919359266758,
    2.032219897955656,
    1.7718697302043438,
    1.4280159007757902,
    1.5800032708793879,
    1.4428403116762638,
    1.4023497365415096,
    1.3400459922850132,
    1.4331160858273506,
    1.973124222829938
  ],
  "l1_loss": [
    0.9264294980093837,
    0.7973257545381784,
    0.753149151802063,
    0.7278441190719604,
    0.7101323204115033,
    0.6899455264210701,
    0.6706488700583577,
    0.6594472713768482,
    0.6370952492579818,
    0.6236621774733067
  ],
  "sparsity": [
    1432.673879623413,
    1111.6991348266602,
    1033.8234100341797,
    979.8164978027344,
    946.3023986816406,
    918.1720809936523,
    895.322509765625,
    878.2450523376465,
    859.5696411132812,
    841.4942016601562
  ],
  "recon_contribution": [
    55.46919359266758,
    2.032219897955656,
    1.7718697302043438,
    1.4280159007757902,
    1.5800032708793879,
    1.4428403116762638,
    1.4023497365415096,
    1.3400459922850132,
    1.4331160858273506,
    1.973124222829938
  ],
  "l1_contribution": [
    0.09264295129105449,
    0.07973257708363235,
    0.07531491667032242,
    0.07278441346716136,
    0.07101323374081403,
    0.0689945540507324,
    0.06706488796044141,
    0.06594472855795175,
    0.06370952579891309,
    0.06236621871357784
  ],
  "total_post_layer_mse": [
    1895.1690278537571,
    274.72575028799474,
    242.6673354320228,
    209.87257586419582,
    261.20551853068173,
    217.04590581171215,
    241.39612540788949,
    202.151695266366,
    189.3388196732849,
    425.4437135476619
  ],
  "block_mse_contribution": [
    189.51690604607575,
    27.47257546032779,
    24.266734001692384,
    20.987257970497012,
    26.12055220664479,
    21.70459097449202,
    24.1396129950881,
    20.215169878909364,
    18.933882220997475,
    42.544371597701684
  ],
  "13_mse": [
    56.57901559025049,
    2.345142347738147,
    2.0100018307566643,
    1.5774856880307198,
    1.7065003905445337,
    1.5575322434306145,
    1.516765421256423,
    1.4406190440058708,
    1.548645667731762,
    2.082855498418212
  ],
  "14_mse": [
    56.92568254843354,
    2.310227734968066,
    1.9951963629573584,
    1.5676998980343342,
    1.7149551752954721,
    1.5638221986591816,
    1.519131027162075,
    1.4520076289772987,
    1.5741599947214127,
    2.100117988884449
  ],
  "15_mse": [
    57.299636263400316,
    2.4672008752822876,
    2.1165394987910986,
    1.6995196118950844,
    1.8677379507571459,
    1.6973663624376059,
    1.6519701946526766,
    1.5741257853806019,
    1.6979780215770006,
    2.2360826209187508
  ],
  "16_mse": [
    58.7540398389101,
    3.243459502235055,
    2.7790490612387657,
    2.270938463509083,
    2.4764001220464706,
    2.209707096219063,
    2.1570529248565435,
    2.0501369182020426,
    2.1820601522922516,
    2.7399588972330093
  ],
  "17_mse": [
    59.75499266013503,
    3.790826704353094,
    3.3257624581456184,
    2.69962951913476,
    2.8777180202305317,
    2.595424856990576,
    2.558868244290352,
    2.3977432381361723,
    2.5443528555333614,
    3.125023167580366
  ],
  "18_mse": [
    61.878948621451855,
    4.871985301375389,
    4.306199863553047,
    3.5044332556426525,
    3.668312657624483,
    3.324787810444832,
    3.2576206251978874,
    3.032670311629772,
    3.2073183245956898,
    3.8308807127177715
  ],
  "19_mse": [
    65.19489457458258,
    5.9064704068005085,
    5.213037304580212,
    4.29357348755002,
    4.4321888498961926,
    4.066297173500061,
    4.0126008577644825,
    3.7086728028953075,
    3.8862716518342495,
    4.594369698315859
  ],
  "20_mse": [
    69.34053046256304,
    7.4637705609202385,
    6.616367653012276,
    5.518540717661381,
    5.605265222489834,
    5.176337070763111,
    5.155485272407532,
    4.728637054562569,
    4.9010709673166275,
    5.742862492799759
  ],
  "21_mse": [
    76.02704612910748,
    9.484341241419315,
    8.449280329048634,
    7.100013054907322,
    7.188392706215382,
    6.629818506538868,
    6.65751039981842,
    6.060112342238426,
    6.233580127358437,
    7.262989543378353
  ],
  "22_mse": [
    83.66428327560425,
    12.100027352571487,
    10.683860950171947,
    9.008658945560455,
    9.170086808502674,
    8.45072876662016,
    8.455932825803757,
    7.717016778886318,
    7.9518007934093475,
    9.199221700429916
  ],
  "23_mse": [
    93.65290153026581,
    15.171217009425163,
    13.289991825819016,
    11.211386278271675,
    11.390225201845169,
    10.454784594476223,
    10.532450914382935,
    9.504645012319088,
    9.801795065402985,
    11.244378589093685
  ],
  "24_mse": [
    111.04214236140251,
    20.028338134288788,
    17.62840113043785,
    14.728679686784744,
    14.887503623962402,
    13.764722049236298,
    13.80280576646328,
    12.519622296094894,
    12.820839256048203,
    14.64343635737896
  ],
  "25_mse": [
    137.88251385092735,
    25.457834154367447,
    22.3479111045599,
    18.728635251522064,
    18.976417154073715,
    17.49237424135208,
    17.504623144865036,
    16.02289417386055,
    16.45051583647728,
    18.65937565267086
  ],
  "26_mse": [
    161.31369027495384,
    30.791728615760803,
    27.029737323522568,
    22.43533569574356,
    22.975256979465485,
    21.047405630350113,
    21.074364975094795,
    19.445747137069702,
    19.88837429881096,
    22.569885313510895
  ],
  "27_mse": [
    745.858709871769,
    129.29318034648895,
    114.87599873542786,
    103.52804630994797,
    152.26855766773224,
    117.01479721069336,
    141.5389428138733,
    110.49704474210739,
    94.65005666017532,
    315.41227531433105
  ],
  "logit_kl": [
    64.6804931461811,
    28.984012596309185,
    24.112009167671204,
    20.675079613924026,
    21.682778507471085,
    18.091819658875465,
    18.519185796380043,
    15.338187783956528,
    15.856466457247734,
    18.38443112373352
  ],
  "kl_contribution": [
    6.468049418181181,
    2.898401309736073,
    2.411200949922204,
    2.0675080120563507,
    2.168277883902192,
    1.8091820050030947,
    1.8519186116755009,
    1.5338188000023365,
    1.5856466675177217,
    1.838443148881197
  ]
}