{
  "loss": [
    267.88246870040894,
    371.6682357788086,
    323.1145143508911,
    221.8061122894287,
    158.64590549468994,
    101.4422721862793,
    70.00866842269897,
    49.55265665054321,
    34.87592601776123,
    28.919734477996826
  ],
  "recon_loss": [
    1.3287221500650048,
    4.448593974113464,
    3.7876367270946503,
    2.1849963068962097,
    1.2154370471835136,
    0.6934830695390701,
    0.4556104652583599,
    0.30668550357222557,
    0.2259823903441429,
    0.18277967907488346
  ],
  "l1_loss": [
    0.12237973604351282,
    0.13899190071970224,
    0.1120687173679471,
    0.08694388531148434,
    0.06584547879174352,
    0.05052949348464608,
    0.04138945508748293,
    0.03413485735654831,
    0.028740685433149338,
    0.02545976103283465
  ],
  "sparsity": [
    0.05255279317498207,
    0.043403804302215576,
    0.035100698471069336,
    0.03163808584213257,
    0.029598712921142578,
    0.02137225866317749,
    0.01854616403579712,
    0.022142887115478516,
    0.015585184097290039,
    0.018343567848205566
  ],
  "total_post_layer_mse": [
    229.1122735729441,
    337.66888228058815,
    296.48960715532303,
    204.92828337848186,
    145.38651786744595,
    91.54158571362495,
    63.05221461132169,
    44.32630940526724,
    30.203045658767223,
    25.27174288406968
  ],
  "15_mse": [
    1.756502310745418,
    4.998304516077042,
    4.109785825014114,
    2.411983534693718,
    1.3696337044239044,
    0.8011335209012032,
    0.545723207294941,
    0.3867710083723068,
    0.28550633788108826,
    0.22924773395061493
  ],
  "16_mse": [
    2.2962987795472145,
    5.572735488414764,
    4.562746047973633,
    2.7831920385360718,
    1.7206711322069168,
    1.1096241399645805,
    0.7850021310150623,
    0.5572114959359169,
    0.401581097394228,
    0.32230109348893166
  ],
  "17_mse": [
    2.6524553894996643,
    5.780676007270813,
    4.872625082731247,
    3.143587976694107,
    2.070282831788063,
    1.3966485410928726,
    1.0112937241792679,
    0.7213790863752365,
    0.5173103250563145,
    0.41631096228957176
  ],
  "18_mse": [
    3.547441281378269,
    6.754209101200104,
    5.654098749160767,
    3.9497299790382385,
    2.814478114247322,
    1.9467292577028275,
    1.4406331703066826,
    1.0325286090373993,
    0.7362543195486069,
    0.5877236761152744
  ],
  "19_mse": [
    4.715847875922918,
    8.219154953956604,
    6.952573835849762,
    4.9301777780056,
    3.499023288488388,
    2.392523914575577,
    1.7882267832756042,
    1.2873386591672897,
    0.9177675247192383,
    0.732049398124218
  ],
  "20_mse": [
    6.754133194684982,
    10.566640973091125,
    8.996606171131134,
    6.501523554325104,
    4.626167714595795,
    3.190611481666565,
    2.377841964364052,
    1.6876395493745804,
    1.216091439127922,
    0.9868089333176613
  ],
  "21_mse": [
    9.820089884102345,
    13.740362048149109,
    11.559666752815247,
    8.499644577503204,
    6.128598630428314,
    4.171525031328201,
    3.0793751776218414,
    2.191555753350258,
    1.5666242837905884,
    1.2731148600578308
  ],
  "22_mse": [
    13.07878765463829,
    17.991461515426636,
    15.180684387683868,
    11.108392655849457,
    7.879831790924072,
    5.319694936275482,
    3.887052059173584,
    2.7656293511390686,
    1.9656017124652863,
    1.5883915424346924
  ],
  "23_mse": [
    15.523864656686783,
    20.581716775894165,
    17.17473006248474,
    12.618364095687866,
    9.106154382228851,
    6.173245489597321,
    4.617789477109909,
    3.327915072441101,
    2.393097698688507,
    1.9350128322839737
  ],
  "24_mse": [
    21.011199116706848,
    27.45421552658081,
    23.826289653778076,
    17.428685665130615,
    12.37388288974762,
    8.472511291503906,
    6.274478375911713,
    4.517004042863846,
    3.165380597114563,
    2.5677545368671417
  ],
  "25_mse": [
    26.97802472114563,
    34.191338300704956,
    29.551151037216187,
    21.255624175071716,
    14.752246499061584,
    9.986235499382019,
    7.360539138317108,
    5.34706324338913,
    3.776768445968628,
    3.085895389318466
  ],
  "26_mse": [
    31.922577023506165,
    39.631885051727295,
    35.241384744644165,
    24.73205304145813,
    17.369335055351257,
    11.702171325683594,
    8.588286936283112,
    6.208717107772827,
    4.310886770486832,
    3.4979816377162933
  ],
  "27_mse": [
    89.05505168437958,
    142.18618202209473,
    128.8072648048401,
    85.56532430648804,
    61.67621183395386,
    34.878931283950806,
    21.29597246646881,
    14.295556426048279,
    8.950175106525421,
    8.049150288105011
  ],
  "logit_kl": [
    37.440244913101196,
    29.549370169639587,
    22.836141169071198,
    14.691965788602829,
    12.043296813964844,
    9.206697523593903,
    6.500429660081863,
    4.919320225715637,
    4.446610152721405,
    3.4649571031332016
  ]
}